0,cause
1,context
2,factory
3,set
4,initialized
5,truncatedlength
6,variable
7,defined
8,init
9,method
10,responsematcher
11,constructor
12,proxyauthheader
13,code
14,correct
15,current
16,format
17,time
18,using
19,zone
20,class
21,followredirect
22,mixedcase
23,scope
24,buildresponse
25,called
26,function
27,twice
28,headerstime
29,response
30,sent
31,updated
32,getchild
33,global
34,httpport
35,acquire
36,3
37,html
38,python
39,valid
40,makerequestsfromurl
41,super
42,defers
43,keyword
44,supported
45,attribute
46,currentlink
47,middleware
48,order
49,right
50,compare
51,isinstance
52,type
53,use
54,groupby
55,implemented
56,base
57,compiledrule
58,inherits
59,object
60,python3
61,removed
62,safely
63,call
64,case
65,find
66,handle
67,signal
68,used
69,vmvaluesolaris
70,argument
71,last
72,list
73,parameter
74,passed
75,tuple
76,thread
77,builtin
78,package
79,redefining
80,dropped
81,s
82,string
83,baseitem
84,iteratespideroutput
85,contains
86,quote
87,single
88,raise
89,error
90,handled
91,properly
92,boolean
93,optional
94,subclass
95,3context
96,bug
97,following
98,word
99,unsubscriptable
100,value
101,330
102,release
103,default
104,false
105,responsemodelexcludeunset
106,tag
107,65
108,expression
109,many
110,statement
111,executed
112,union
113,352
114,library
115,standard
116,dictionary
117,wellformed
118,user
119,userindb
120,exclude
121,available
122,option
123,safebox
124,can
125,yes
126,color
127,converted
128,correctly
129,rgb
130,know
131,block
132,caught
133,except
134,exception
135,hsv
136,account
137,done
138,indentation
139,indented
140,parser
141,surrounding
142,take
143,159
144,178
145,character
146,line
147,long
148,grid
149,padding
150,float
151,speedestimateperiod
152,dedent
153,linenumbers
154,171
155,layout
156,map
157,3615
158,local
159,callable
160,selfanimate
161,keypagedown
162,keyup
163,main
164,worker
165,pageup
166,animation
167,changed
168,problem
169,targety
170,await
171,parentpostmessage
172,import
173,richstyle
174,unable
175,consolelog
176,pushed
177,stack
178,view
179,module
180,panel
181,richpanel
182,ordered
183,return
184,segmentlines
185,async
186,recognized
187,style
188,cyclic
189,textuallayoutsgrid
190,textualviews
191,textualviewsdockview
192,textualwidgets
193,textualwidgetsscrollview
194,received
195,redirect
196,responsenextrequest
197,header
198,link
199,parsed
200,key
201,timeout
202,timeouttypes
203,proxy
204,verify
205,request
206,httpxrequest
207,threadsafe
208,specified
209,useclientdefault
210,manager
211,patch
212,authheader
213,imported
214,netrc
215,360
216,interpreter
217,new
218,support
219,syntax
220,tryexcept
221,field
222,getfieldname
223,selffrozen
224,assignment
225,setstr
226,floatto255
227,able
228,clscurtaillength
229,lenvalue
230,decorator
231,repr
232,byte
233,str
234,itemtype
235,semanticanalyzerplugininterface
236,hasfieldinfodefault
237,pydanticfield
238,isoformat
239,sys
240,compatible
241,partial
242,itemgetter
243,deleteallmarkupsoptionvisible
244,visible
245,widget
246,applied
247,filter
248,item
249,name
250,4
251,8
252,bad
253,expected
254,found
255,space
256,environment
257,qtpluginpath
258,12
259,6
260,vtkmrmlscalarvolumenode
261,exceptionmessage
262,chartignorezero
263,settext
264,extension
265,stored
266,selfmaster
267,added
268,got
269,node
270,yet
271,dsaccessionnumber
272,id
273,instance
274,patient
275,study
276,uid
277,event
278,hashlib
279,selfsegmenteditorlabelopenexternallinks
280,dicomscalarvolumeacquisitiongeometryregularization
281,getvalue
282,property
283,datetime
284,change
285,index
286,source
287,version
288,button
289,enabled
290,nextcheckpoint
291,documentation
292,logging
293,readallstandardoutput
294,2
295,sessioncontexttoken
296,token
297,maxmessagesize
298,check
299,place
300,validate
301,basename
302,ipywidget
303,ipywidgetsbokeh
304,ipywidgetbase
305,1
306,blank
307,definition
308,75
309,ioloopaddtimeout
310,none
311,sepjoinseq
312,q
313,contextlib
314,placed
315,top
316,input
317,text
318,textinput
319,any
320,data
321,readcsv
322,nodejs
323,component
324,overloaded
325,decimal
326,effect
327,seems
328,base64string
329,pas
330,unnecessary
331,multiprocess
332,created
333,first
334,job
335,script
336,c0415
337,disabling
338,importoutsidetoplevel
339,locally
340,width
341,original
342,cyclicimport
343,r0401
344,e1101
345,nomember
346,working
347,hasattr
348,assigningnonslot
349,suppression
350,useless
351,protectedaccess
352,w0212
353,aligned
354,diskcachecache
355,divs
356,well
357,written
358,noinit
359,generaterpkg
360,toomanyarguments
361,process
362,run
363,separate
364,test
365,absolute
366,file
367,packageinfojson
368,path
369,public
370,dash
371,plotlydash
372,plotlypy
373,end
374,floating
375,memorycost
376,number
377,point
378,361
379,ed25519
380,testenvironbuildercall
381,outside
382,toplevel
383,warningswarn
384,cache
385,closed
386,session
387,332
388,flask
389,framework
390,web
391,elif
392,taggedjsonserializer
393,application
394,bound
395,explicitly
396,doc
397,markup
398,typenew
399,requestctxstack
400,tokenized
401,contenttype
402,getmimetype
403,buffer
404,enough
405,hold
406,large
407,output
408,terminal256py
409,lexer
410,pygmentshttplexer
411,classnotfound
412,pygmentsutil
413,pygmentsstyles
414,message
415,printed
416,be
417,easy
418,make
419,understand
420,way
421,separator
422,parseauth
423,pluginpy
424,yield
425,wellwritten
426,chunkedencodingerror
427,raised
428,try
429,cookie
430,dict
431,instead
432,httplibhttpresponse
433,mockrequest
434,requoteuri
435,unused
436,utils
437,cookiejar
438,jar
439,proxybypassenvironment
440,tqdmdiscord
441,read
442,write
443,selfreporters
444,threadingrlock
445,notimplementederror
446,args
447,copyfile
448,shutil
449,getattr
450,explain
451,itaskbarlist
452,iunknown
453,console
454,getconsolewindow
455,parent
456,window
457,tqdm
458,tqdmtqdmpandas
459,richprogresstrack
460,deprecationwarning
461,access
462,client
463,member
464,protected
465,protocol
466,self
467,105
468,encoded
469,115
470,loop
471,terminated
472,released
473,semaphore
474,json
475,contexttaskid
476,taskcontextpy
477,flag
478,jsondumps
479,jsonunescapedslashes
480,asyncio
481,42
482,daterange
483,ambiguous
484,l
485,bp
486,pdb
487,settrace
488,maxradius
489,02
490,translation
491,hvplot
492,plot
493,holoviews
494,decimalplaces
495,dirname
496,endswith
497,3x
498,framepad
499,determine
500,disk
501,exist
502,trying
503,getpaddingchars
504,sequence
505,finishnewseq
506,frameset
507,frame
508,range
509,2415
510,branch
511,f
512,ospath
513,iteritems
514,fileseqconstants
515,padstylehash1
516,framesetframestoframerange
517,group
518,must
519,column
520,dataframe
521,optioncontract
522,quantity
523,selected
524,symbol
525,expiry
526,resolution
527,undefined
528,minute
529,05
530,allows
531,fee
532,filtering
533,margin
534,minimum
535,portfolio
536,reduce
537,small
538,trade
539,identifier
540,addreference
541,date
542,math
543,np
544,o
545,pd
546,plt
547,qcalgorithmframework
548,qcalgorithmframeworkbridge
549,timedelta
550,wildcard
551,shortorderupdate
552,qcalgorithm
553,model
554,price
555,think
556,regular
557,research
558,engine
559,regex
560,u00c0
561,unicode
562,requesturl
563,url
564,manga
565,randommanga
566,chapter
567,chaptercreatechapter
568,empty
569,clear
570,doe
571,genericvisit
572,skipper
573,assigned
574,comprehension
575,element
576,result
577,cant
578,def
579,multiple
580,one
581,around
582,equal
583,missing
584,whitespace
585,generator
586,random
587,seeded
588,bindable
589,randomchoice
590,30
591,print
592,invalid
593,unknown
594,buildsourcetree
595,pytree
596,36
597,interruptingplayback
598,pausing
599,dataget
600,get
601,tuples
602,literal
603,inheriting
604,typeddict
605,namedtuple
606,timeoutms
607,matched
608,pattern
609,classgitignorepattern
610,classgitwildmatchpattern
611,deprecated
612,wildmatch
613,e
614,escape
615,constant
616,declared
617,reduceop
618,barrieroptions
619,queue
620,tensor
621,vtracefromlogitsreturns
622,vst
623,targetactionlogprobs
624,clip
625,bool
626,p
627,d
628,getusertempdir
629,matchgroup2
630,warning
631,inspectsignature
632,params
633,second
634,third
635,hyperparameters
636,saved
637,captured
638,hparams
639,membersize
640,populationsize
641,savehyperparameters
642,commutative
643,operator
644,population
645,returnoffspring
646,clause
647,else
648,hparamsmixin
649,evaluated
650,rayremotefunction
651,onemaxraymodule
652,dotl
653,rho
654,issparse
655,addmps
656,addmpo
657,tmp
658,add
659,recursive
660,tail
661,contraction
662,lazy
663,dense
664,diagonal
665,dot
666,matrix
667,product
668,full
669,qicon
670,pixmap
671,scaling
672,qaction
673,triggered
674,userhostmask
675,booltest
676,replaced
677,var
678,connected
679,selfcheckbold
680,selfsetboldstatechanged
681,qvboxlayout
682,qcheckbox
683,checkbox
684,checked
685,changedsetting
686,statechanged
687,fontcreditpy
688,fontcreditsetopenexternallinks
689,designer
690,qt
691,setopenexternallinks
692,qpushbutton
693,saveasstyle
694,configurationdirectoryname
695,wrong
696,returninfo
697,qwidget
698,setshortcut
699,lastreconnect
700,pyqt5qtcore
701,pyqt5qtgui
702,autocomplete
703,feature
704,turned
705,lookahead
706,negative
707,guard
708,designed
709,special
710,expects
711,func
712,formatliteral
713,defn
714,future
715,defs
716,inline
717,makeop
718,rpt
719,compile
720,qqmlcontext
721,qqmlcontextsetcontextproperty
722,indexing
723,operation
724,slice
725,start
726,getcontroller
727,profilewriter
728,umsettingsprofilewriter
729,33
730,i18ncatalogi18nclabel
731,per
732,setting
733,tool
734,copy
735,pyqt5qtwidgets
